{
    "metrics": {
        "cold_start_duration": {
            "avg": 1.8,
            "min": 1,
            "med": 2,
            "max": 2,
            "p(90)": 2,
            "p(95)": 2,
            "thresholds": {
                "p(95)<500": false
            }
        },
        "checks": {
            "passes": 449128,
            "fails": 0,
            "thresholds": {
                "rate>0.99": false
            },
            "value": 1
        },
        "data_received": {
            "count": 109679038,
            "rate": 238135.35255234333
        },
        "iterations": {
            "count": 82556,
            "rate": 179.24575674443147
        },
        "warm_execution_duration": {
            "avg": 0.3439202727879917,
            "min": 0,
            "med": 0,
            "max": 21,
            "p(90)": 1,
            "p(95)": 1,
            "thresholds": {
                "p(50)<100": false,
                "avg<120": false,
                "p(95)<200": false
            }
        },
        "http_req_tls_handshaking": {
            "med": 0,
            "max": 0,
            "p(90)": 0,
            "p(95)": 0,
            "avg": 0,
            "min": 0
        },
        "iteration_duration": {
            "p(90)": 551.1614999999999,
            "p(95)": 575.941825,
            "avg": 350.6220274262346,
            "min": 100.0385,
            "med": 350.2277,
            "max": 633.7348
        },
        "http_req_sending": {
            "avg": 0.004918463035212594,
            "min": 0,
            "med": 0,
            "max": 13.4136,
            "p(90)": 0,
            "p(95)": 0
        },
        "http_req_duration": {
            "max": 65.1451,
            "p(90)": 0.6588,
            "p(95)": 0.85645,
            "avg": 0.3103402646652912,
            "min": 0,
            "med": 0
        },
        "data_sent": {
            "count": 18514481,
            "rate": 40198.67917020445
        },
        "vus": {
            "value": 150,
            "min": 0,
            "max": 150
        },
        "vus_max": {
            "min": 150,
            "max": 150,
            "value": 150
        },
        "http_req_failed": {
            "passes": 0,
            "fails": 100731,
            "thresholds": {
                "rate<0.01": false
            },
            "value": 0
        },
        "http_reqs": {
            "count": 100731,
            "rate": 218.7073540702472
        },
        "http_req_blocked": {
            "p(90)": 0,
            "p(95)": 0,
            "avg": 0.009864976025255382,
            "min": 0,
            "med": 0,
            "max": 11.8253
        },
        "http_req_receiving": {
            "max": 52.4288,
            "p(90)": 0.3466,
            "p(95)": 0.52205,
            "avg": 0.05823294814903093,
            "min": 0,
            "med": 0
        },
        "total_requests": {
            "count": 82556,
            "rate": 179.24575674443147
        },
        "http_req_connecting": {
            "avg": 0.0014674807159662869,
            "min": 0,
            "med": 0,
            "max": 1.7526,
            "p(90)": 0,
            "p(95)": 0
        },
        "successful_requests": {
            "count": 82556,
            "rate": 179.24575674443147
        },
        "backend_errors": {
            "passes": 0,
            "fails": 0,
            "thresholds": {
                "rate<0.01": false
            },
            "value": 0
        },
        "burst_load_duration": {
            "p(90)": 1,
            "p(95)": 1,
            "avg": 0.30923334762443,
            "min": 0,
            "med": 0,
            "max": 65,
            "thresholds": {
                "p(95)<300": false
            }
        },
        "http_req_duration{expected_response:true}": {
            "avg": 0.3103402646652912,
            "min": 0,
            "med": 0,
            "max": 65.1451,
            "p(90)": 0.6588,
            "p(95)": 0.85645
        },
        "http_req_waiting": {
            "avg": 0.24718885348105002,
            "min": 0,
            "med": 0,
            "max": 26.245,
            "p(90)": 0.5751,
            "p(95)": 0.69815
        }
    },
    "setup_data": {
        "backend_url": "http://localhost:10000"
    },
    "root_group": {
        "name": "",
        "path": "",
        "id": "d41d8cd98f00b204e9800998ecf8427e",
        "groups": {},
        "checks": {
                "cold_start - status 200": {
                    "passes": 5,
                    "fails": 0,
                    "name": "cold_start - status 200",
                    "path": "::cold_start - status 200",
                    "id": "723ac67061823c716b96deaeb73ac979"
                },
                "cold_start - response time reasonable": {
                    "name": "cold_start - response time reasonable",
                    "path": "::cold_start - response time reasonable",
                    "id": "cd746b825397ca3d1d64d06160dcbd38",
                    "passes": 5,
                    "fails": 0
                },
                "cold_start - content type JSON": {
                    "name": "cold_start - content type JSON",
                    "path": "::cold_start - content type JSON",
                    "id": "ca37dd05c503f3396ccf66ceb7e8d5ab",
                    "passes": 5,
                    "fails": 0
                },
                "cold_start - has status field": {
                    "passes": 5,
                    "fails": 0,
                    "name": "cold_start - has status field",
                    "path": "::cold_start - has status field",
                    "id": "34b20ce99001ccbebd4acbd6e5242749"
                },
                "cold_start - response body valid": {
                    "name": "cold_start - response body valid",
                    "path": "::cold_start - response body valid",
                    "id": "4acb11ee8bb8902608b1f5c979b27ed0",
                    "passes": 5,
                    "fails": 0
                },
                "warm_performance - status 200": {
                    "fails": 0,
                    "name": "warm_performance - status 200",
                    "path": "::warm_performance - status 200",
                    "id": "f849261ddb5264af584f6a3964928642",
                    "passes": 56894
                },
                "warm_performance - response time reasonable": {
                    "passes": 56894,
                    "fails": 0,
                    "name": "warm_performance - response time reasonable",
                    "path": "::warm_performance - response time reasonable",
                    "id": "c88e7f4fea51cb286fe7a882f10afd43"
                },
                "warm_performance - content type JSON": {
                    "name": "warm_performance - content type JSON",
                    "path": "::warm_performance - content type JSON",
                    "id": "dacda7713a13205cadce0bfba30d2c3f",
                    "passes": 56894,
                    "fails": 0
                },
                "warm_performance - has status field": {
                    "passes": 56894,
                    "fails": 0,
                    "name": "warm_performance - has status field",
                    "path": "::warm_performance - has status field",
                    "id": "76588d3a794a9bbf8d554a387fa6f8d6"
                },
                "warm_performance - response body valid": {
                    "name": "warm_performance - response body valid",
                    "path": "::warm_performance - response body valid",
                    "id": "1310b9357442b1b48d38aef717447c68",
                    "passes": 56894,
                    "fails": 0
                },
                "warm_performance - OpenAPI spec accessible": {
                    "fails": 0,
                    "name": "warm_performance - OpenAPI spec accessible",